Machine,Type Of Failure,Defect Code,Microstop Description,Type,Declaration Start Time,Call Maintenance Time,Intervention Start Time,Declaration End Time,Down Time,Delay Time,Operator ID,Maintenance ID,Comment,Serial Device,Down Time (min),Delay Time (min),Reaction Time (min),Waiting Time (min),Intervention Time (min),Total Maintenance Time (min),Hour,Shift,Comment_Clean
KOMAX_34,PREVENTIVE MAINTENANCE,PV04,Préventif Trimestrielle,Maintenance,2025-04-02 06:03:22,2025-04-02 10:04:46,2025-04-02 10:04:55,2025-04-02 15:31:13.700,05:26:27,00:00:09,0000,3139,AUCUN COMMENTAIRE,INCONNU,326.45,0.15,241.4,0.15,326.31,326.46,6.0,Matin,AUCUN COMMENTAIRE
KOMAX_28,PREVENTIVE MAINTENANCE,PV01,Préventif Hebdomadaire,Maintenance,2025-04-02 08:06:20,2025-04-02 10:16:24,2025-04-02 10:16:32,2025-04-02 16:02:05.857,05:45:41,00:00:08,00000,4376,AUCUN COMMENTAIRE,00000,345.68,0.13,130.07,0.13,345.56,345.7,8.0,Matin,AUCUN COMMENTAIRE
KOMAX_12,PREVENTIVE MAINTENANCE,PV01,Préventif Hebdomadaire,Maintenance,2025-04-03 06:05:39,2025-04-03 08:50:10,2025-04-03 08:50:20,2025-04-03 12:42:40.753,03:52:30,00:00:10,0000,4376,AUCUN COMMENTAIRE,INCONNU,232.5,0.17,164.52,0.17,232.35,232.51,6.0,Matin,AUCUN COMMENTAIRE
KOMAX_62,PREVENTIVE MAINTENANCE,PV04,Préventif Trimestrielle,Maintenance,2025-04-03 06:04:43,2025-04-03 08:56:53,2025-04-03 08:57:02,2025-04-03 14:29:33.393,05:32:40,00:00:09,0000,3139,AUCUN COMMENTAIRE,INCONNU,332.67,0.15,172.17,0.15,332.52,332.67,6.0,Matin,AUCUN COMMENTAIRE
KOMAX_8,PREVENTIVE MAINTENANCE,PV01,Préventif Hebdomadaire,Maintenance,2025-04-04 08:08:40,2025-04-04 08:10:05,2025-04-04 08:10:20,2025-04-04 13:05:04.780,04:54:59,00:00:15,0000,4376,AUCUN COMMENTAIRE,INCONNU,294.98,0.25,1.42,0.25,294.75,295.0,8.0,Matin,AUCUN COMMENTAIRE
KOMAX_7,PREVENTIVE MAINTENANCE,PV01,Préventif Hebdomadaire,Maintenance,2025-04-04 08:11:42,2025-04-04 10:12:29,2025-04-04 10:12:53,2025-04-04 10:13:06.170,00:00:37,00:00:24,0000,4376,AUCUN COMMENTAIRE,INCONNU,0.62,0.4,120.78,0.4,0.22,0.62,8.0,Matin,AUCUN COMMENTAIRE
KOMAX_3,PREVENTIVE MAINTENANCE,PV01,Préventif Hebdomadaire,Maintenance,2025-04-07 06:02:44,2025-04-07 09:04:48,2025-04-07 09:04:57,2025-04-07 13:57:36.183,04:52:48,00:00:09,0000,4376,AUCUN COMMENTAIRE,INCONNU,292.8,0.15,182.07,0.15,292.65,292.8,6.0,Matin,AUCUN COMMENTAIRE
KOMAX_41,PREVENTIVE MAINTENANCE,PV04,Préventif Trimestrielle,Maintenance,2025-04-07 05:55:12,2025-04-07 09:12:06,2025-04-07 09:12:15,2025-04-07 15:34:00.537,06:21:54,00:00:09,0000,3139,AUCUN COMMENTAIRE,INCONNU,381.9,0.15,196.9,0.15,381.76,381.91,5.0,Nuit,AUCUN COMMENTAIRE
KOMAX_33,PREVENTIVE MAINTENANCE,PV01,Préventif Hebdomadaire,Maintenance,2025-04-08 07:06:59,2025-04-08 10:15:15,2025-04-08 10:16:11,2025-04-08 14:59:00.157,04:43:45,00:00:56,0000,4376,AUCUN COMMENTAIRE,INCONNU,283.75,0.93,188.27,0.93,282.82,283.75,7.0,Matin,AUCUN COMMENTAIRE
KOMAX_9,PREVENTIVE MAINTENANCE,PV01,Préventif Hebdomadaire,Maintenance,2025-04-09 06:58:09,2025-04-09 09:55:54,2025-04-09 09:56:04,2025-04-09 15:26:18.740,05:30:24,00:00:10,0000,4376,AUCUN COMMENTAIRE,INCONNU,330.4,0.17,177.75,0.17,330.25,330.41,6.0,Matin,AUCUN COMMENTAIRE
KOMAX_46,PREVENTIVE MAINTENANCE,PV01,Préventif Hebdomadaire,Maintenance,2025-04-10 05:45:25,2025-04-10 08:58:59,2025-04-10 08:59:08,2025-04-10 14:12:52.163,05:13:53,00:00:09,0000,4376,AUCUN COMMENTAIRE,INCONNU,313.88,0.15,193.57,0.15,313.74,313.89,5.0,Nuit,AUCUN COMMENTAIRE
KOMAX_48,PREVENTIVE MAINTENANCE,PV01,Préventif Hebdomadaire,Maintenance,2025-04-14 05:50:44,2025-04-14 09:26:13,2025-04-14 09:26:22,2025-04-14 13:56:58.103,04:30:45,00:00:09,0000,4376,AUCUN COMMENTAIRE,INCONNU,270.75,0.15,215.48,0.15,270.6,270.75,5.0,Nuit,AUCUN COMMENTAIRE
KOMAX_14,PREVENTIVE MAINTENANCE,PV01,Préventif Hebdomadaire,Maintenance,2025-04-15 05:58:39,2025-04-15 08:49:48,2025-04-15 08:49:57,2025-04-15 12:56:57.367,04:07:09,00:00:09,0000,4376,AUCUN COMMENTAIRE,INCONNU,247.15,0.15,171.15,0.15,247.01,247.16,5.0,Nuit,AUCUN COMMENTAIRE
KOMAX_50,PREVENTIVE MAINTENANCE,PV01,Préventif Hebdomadaire,Maintenance,2025-04-15 06:16:15,2025-04-15 08:55:50,2025-04-15 08:55:57,2025-04-15 14:54:44.153,05:58:54,00:00:07,0000,3139,AUCUN COMMENTAIRE,INCONNU,358.9,0.12,159.58,0.12,358.79,358.9,6.0,Matin,AUCUN COMMENTAIRE
KOMAX_47,PREVENTIVE MAINTENANCE,PV01,Préventif Hebdomadaire,Maintenance,2025-04-16 06:15:22,2025-04-16 09:05:01,2025-04-16 09:05:10,2025-04-16 14:41:21.200,05:36:20,00:00:09,0000,4376,AUCUN COMMENTAIRE,INCONNU,336.33,0.15,169.65,0.15,336.19,336.34,6.0,Matin,AUCUN COMMENTAIRE
KOMAX_10,PREVENTIVE MAINTENANCE,PV01,Préventif Hebdomadaire,Maintenance,2025-04-17 06:07:11,2025-04-17 08:49:50,2025-04-17 08:50:04,2025-04-17 13:49:38.333,04:59:48,00:00:14,0000NA,4376,AUCUN COMMENTAIRE,INCONNU,299.8,0.23,162.65,0.23,299.57,299.81,6.0,Matin,AUCUN COMMENTAIRE
KOMAX_23,PREVENTIVE MAINTENANCE,PV01,Préventif Hebdomadaire,Maintenance,2025-04-18 06:00:16,2025-04-18 08:56:12,2025-04-18 08:56:22,2025-04-18 14:22:14.870,05:26:02,00:00:10,0000,4376,AUCUN COMMENTAIRE,na,326.03,0.17,175.93,0.17,325.88,326.05,6.0,Matin,AUCUN COMMENTAIRE
KOMAX_7,PREVENTIVE MAINTENANCE,PV04,Préventif Trimestrielle,Maintenance,2025-04-18 14:43:49,2025-04-18 14:43:55,2025-04-18 14:44:05,2025-04-18 14:44:14.333,00:00:19,00:00:10,0000,3139,AUCUN COMMENTAIRE,INCONNU,0.32,0.17,0.1,0.17,0.16,0.32,14.0,Après-midi,AUCUN COMMENTAIRE
KOMAX_27,PREVENTIVE MAINTENANCE,PV01,Préventif Hebdomadaire,Maintenance,2025-04-21 07:01:34,2025-04-21 08:47:39,2025-04-21 09:51:25,2025-04-21 15:15:43.147,06:28:04,01:03:46,0000,4376,AUCUN COMMENTAIRE,INCONNU,388.07,63.77,106.08,63.77,324.3,388.07,7.0,Matin,AUCUN COMMENTAIRE
KOMAX_22,PREVENTIVE MAINTENANCE,PV01,Préventif Hebdomadaire,Maintenance,2025-04-22 06:03:17,2025-04-22 06:06:02,2025-04-22 09:01:20,2025-04-22 13:30:06.093,07:24:04,02:55:18,0000,4376,AUCUN COMMENTAIRE,INCONNU,444.07,175.3,2.75,175.3,268.77,444.07,6.0,Matin,AUCUN COMMENTAIRE
KOMAX_38,PREVENTIVE MAINTENANCE,PV01,Préventif Hebdomadaire,Maintenance,2025-04-24 06:10:01,2025-04-24 09:04:25,2025-04-24 09:04:34,2025-04-24 12:49:45.923,03:45:20,00:00:09,0000,4376,AUCUN COMMENTAIRE,INCONNU,225.33,0.15,174.4,0.15,225.2,225.35,6.0,Matin,AUCUN COMMENTAIRE
KOMAX_19,PREVENTIVE MAINTENANCE,PV06,Révision programmée,Maintenance,2025-04-25 08:56:40,2025-04-25 09:09:22,2025-04-25 09:09:33,2025-04-25 12:27:44.923,03:18:22,00:00:11,82917,3139,AUCUN COMMENTAIRE,INCONNU,198.37,0.18,12.7,0.18,198.2,198.38,8.0,Matin,AUCUN COMMENTAIRE
KOMAX_42,PREVENTIVE MAINTENANCE,PV01,Préventif Hebdomadaire,Maintenance,2025-04-29 15:01:24,2025-04-29 15:01:28,2025-04-29 15:01:39,2025-04-29 15:01:46.363,00:00:18,00:00:11,0000,4376,AUCUN COMMENTAIRE,INCONNU,0.3,0.18,0.07,0.18,0.12,0.31,15.0,Après-midi,AUCUN COMMENTAIRE
KOMAX_30,PREVENTIVE MAINTENANCE,PV01,Préventif Hebdomadaire,Maintenance,2025-05-02 08:38:40,2025-05-02 09:56:41,2025-05-02 09:56:51,2025-05-02 15:18:13.810,05:21:32,00:00:10,0000,4376,AUCUN COMMENTAIRE,INCONNU,321.53,0.17,78.02,0.17,321.38,321.55,8.0,Matin,AUCUN COMMENTAIRE
KOMAX_11,PREVENTIVE MAINTENANCE,PV01,Préventif Hebdomadaire,Maintenance,2025-05-05 06:18:34,2025-05-05 08:56:39,2025-05-05 08:56:50,2025-05-05 13:49:45.253,04:53:06,00:00:11,0000,4376,AUCUN COMMENTAIRE,INCONNU,293.1,0.18,158.08,0.18,292.92,293.1,6.0,Matin,AUCUN COMMENTAIRE
KOMAX_39,PREVENTIVE MAINTENANCE,PV01,Préventif Hebdomadaire,Maintenance,2025-05-06 06:10:56,2025-05-06 08:55:04,2025-05-06 08:55:13,2025-05-06 13:53:09.993,04:58:05,00:00:09,0000,4376,AUCUN COMMENTAIRE,na,298.08,0.15,164.13,0.15,297.95,298.1,6.0,Matin,AUCUN COMMENTAIRE
KOMAX_53,PREVENTIVE MAINTENANCE,PV01,Préventif Hebdomadaire,Maintenance,2025-05-07 10:04:21,2025-05-07 10:08:06,2025-05-07 10:08:20,2025-05-07 15:05:50.187,04:57:44,00:00:14,0000,4376,AUCUN COMMENTAIRE,INCONNU,297.73,0.23,3.75,0.23,297.5,297.74,10.0,Matin,AUCUN COMMENTAIRE
KOMAX_21,PREVENTIVE MAINTENANCE,PV01,Préventif Hebdomadaire,Maintenance,2025-05-08 07:10:45,2025-05-08 10:08:36,2025-05-08 10:08:45,2025-05-08 10:15:45.160,00:07:09,00:00:09,0000,4376,AUCUN COMMENTAIRE,na,7.15,0.15,177.85,0.15,7.0,7.15,7.0,Matin,AUCUN COMMENTAIRE
KOMAX_21,PREVENTIVE MAINTENANCE,PV01,Préventif Hebdomadaire,Maintenance,2025-05-08 10:15:46,2025-05-08 10:15:51,2025-05-08 10:16:01,2025-05-08 14:50:55.897,04:35:04,00:00:10,0000,4376,AUCUN COMMENTAIRE,INCONNU,275.07,0.17,0.08,0.17,274.91,275.08,10.0,Matin,AUCUN COMMENTAIRE
KOMAX_16,PREVENTIVE MAINTENANCE,PV01,Préventif Hebdomadaire,Maintenance,2025-05-12 06:08:55,2025-05-12 06:20:04,2025-05-12 08:53:42,2025-05-12 13:03:43.510,06:43:39,02:33:38,0000,4376,AUCUN COMMENTAIRE,INCONNU,403.65,153.63,11.15,153.63,250.03,403.66,6.0,Matin,AUCUN COMMENTAIRE
KOMAX_49,PREVENTIVE MAINTENANCE,PV04,Préventif Trimestrielle,Maintenance,2025-05-12 06:01:49,2025-05-12 08:53:03,2025-05-12 08:53:15,2025-05-12 14:46:28.607,05:53:25,00:00:12,0000,3139,AUCUN COMMENTAIRE,INCONNU,353.42,0.2,171.23,0.2,353.23,353.43,6.0,Matin,AUCUN COMMENTAIRE
KOMAX_20,PREVENTIVE MAINTENANCE,PV04,Préventif Trimestrielle,Maintenance,2025-05-13 06:03:52,2025-05-13 06:03:57,2025-05-13 08:52:55,2025-05-13 12:57:08.137,06:53:11,02:48:58,0000,4376,AUCUN COMMENTAIRE,INCONNU,413.18,168.97,0.08,168.97,244.22,413.19,6.0,Matin,AUCUN COMMENTAIRE
KOMAX_20,PREVENTIVE MAINTENANCE,PV04,Préventif Trimestrielle,Maintenance,2025-05-13 12:57:08,2025-05-13 14:20:27,2025-05-13 14:20:37,2025-05-13 14:20:57.950,00:00:30,00:00:10,0000,4376,AUCUN COMMENTAIRE,INCONNU,0.5,0.17,83.32,0.17,0.35,0.52,12.0,Matin,AUCUN COMMENTAIRE
KOMAX_24,PREVENTIVE MAINTENANCE,PV04,Préventif Trimestrielle,Maintenance,2025-05-14 06:02:36,2025-05-14 06:02:52,2025-05-14 08:53:45,2025-05-14 13:24:16.197,07:21:24,02:50:53,0000,4376,AUCUN COMMENTAIRE,INCONNU,441.4,170.88,0.27,170.88,270.52,441.4,6.0,Matin,AUCUN COMMENTAIRE
KOMAX_19,PREVENTIVE MAINTENANCE,PV04,Préventif Trimestrielle,Maintenance,2025-05-15 06:00:18,2025-05-15 06:07:42,2025-05-15 08:48:54,2025-05-15 14:17:21.457,08:09:39,02:41:12,0000,4376,AUCUN COMMENTAIRE,INCONNU,489.65,161.2,7.4,161.2,328.46,489.66,6.0,Matin,AUCUN COMMENTAIRE
KOMAX_26,PREVENTIVE MAINTENANCE,PV04,Préventif Trimestrielle,Maintenance,2025-05-16 06:15:15,2025-05-16 07:42:04,2025-05-16 09:08:21,2025-05-16 15:00:05.733,07:18:01,01:26:17,0000,4376,AUCUN COMMENTAIRE,INCONNU,438.02,86.28,86.82,86.28,351.75,438.03,6.0,Matin,AUCUN COMMENTAIRE
KOMAX_59,PREVENTIVE MAINTENANCE,PV04,Préventif Trimestrielle,Maintenance,2025-05-19 05:59:55,2025-05-19 09:03:35,2025-05-19 09:03:45,2025-05-19 13:58:18.907,04:54:43,00:00:10,0000,4376,AUCUN COMMENTAIRE,INCONNU,294.72,0.17,183.67,0.17,294.57,294.73,5.0,Nuit,AUCUN COMMENTAIRE
KOMAX_4,PREVENTIVE MAINTENANCE,PV04,Préventif Trimestrielle,Maintenance,2025-05-20 08:54:53,2025-05-20 08:59:50,2025-05-20 09:00:03,2025-05-20 14:27:47.830,05:27:57,00:00:13,0000,4376,AUCUN COMMENTAIRE,INCONNU,327.95,0.22,4.95,0.22,327.75,327.96,8.0,Matin,AUCUN COMMENTAIRE
KOMAX_40,PREVENTIVE MAINTENANCE,PV04,Préventif Trimestrielle,Maintenance,2025-05-21 05:49:00,2025-05-21 09:02:19,2025-05-21 09:02:28,2025-05-21 13:24:00.790,04:21:41,00:00:09,0000,4376,AUCUN COMMENTAIRE,INCONNU,261.68,0.15,193.32,0.15,261.55,261.7,5.0,Nuit,AUCUN COMMENTAIRE
KOMAX_18,PREVENTIVE MAINTENANCE,PV04,Préventif Trimestrielle,Maintenance,2025-05-22 08:48:27,2025-05-22 08:54:34,2025-05-22 08:54:46,2025-05-22 14:06:17.360,05:11:43,00:00:12,0000,4376,AUCUN COMMENTAIRE,INCONNU,311.72,0.2,6.12,0.2,311.52,311.72,8.0,Matin,AUCUN COMMENTAIRE
KOMAX_32,PREVENTIVE MAINTENANCE,PV04,Préventif Trimestrielle,Maintenance,2025-05-22 14:06:55,2025-05-22 14:06:59,2025-05-22 14:07:08,2025-05-22 14:07:18.747,00:00:19,00:00:09,0000,3139,AUCUN COMMENTAIRE,INCONNU,0.32,0.15,0.07,0.15,0.18,0.33,14.0,Après-midi,AUCUN COMMENTAIRE
KOMAX_2,PREVENTIVE MAINTENANCE,PV04,Préventif Trimestrielle,Maintenance,2025-05-23 07:20:11,2025-05-23 08:54:30,2025-05-23 08:54:38,2025-05-23 12:23:32.930,03:29:02,00:00:08,0000,4376,AUCUN COMMENTAIRE,INCONNU,209.03,0.13,94.32,0.13,208.92,209.05,7.0,Matin,AUCUN COMMENTAIRE
KOMAX_60,PREVENTIVE MAINTENANCE,PV04,Préventif Trimestrielle,Maintenance,2025-05-28 09:12:36,2025-05-28 09:18:02,2025-05-28 09:18:29,2025-05-28 14:34:36.543,05:16:34,00:00:27,0000,4376,AUCUN COMMENTAIRE,INCONNU,316.57,0.45,5.43,0.45,316.13,316.58,9.0,Matin,AUCUN COMMENTAIRE
KOMAX_25,PREVENTIVE MAINTENANCE,PV04,Préventif Trimestrielle,Maintenance,2025-05-29 05:53:48,2025-05-29 08:58:41,2025-05-29 08:58:51,2025-05-29 13:20:40.083,04:21:59,00:00:10,0000,4376,AUCUN COMMENTAIRE,INCONNU,261.98,0.17,184.88,0.17,261.82,261.98,5.0,Nuit,AUCUN COMMENTAIRE
KOMAX_15,PREVENTIVE MAINTENANCE,PV04,Préventif Trimestrielle,Maintenance,2025-05-30 12:23:16,2025-05-30 12:23:23,2025-05-30 12:23:34,2025-05-30 12:23:45.603,00:00:22,00:00:11,0000,4376,AUCUN COMMENTAIRE,INCONNU,0.37,0.18,0.12,0.18,0.19,0.38,12.0,Matin,AUCUN COMMENTAIRE
KOMAX_5,PREVENTIVE MAINTENANCE,PV04,Préventif Trimestrielle,Maintenance,2025-05-30 12:41:20,2025-05-30 12:41:26,2025-05-30 12:41:37,2025-05-30 12:41:43.190,00:00:17,00:00:11,0000,3139,AUCUN COMMENTAIRE,INCONNU,0.28,0.18,0.1,0.18,0.1,0.29,12.0,Matin,AUCUN COMMENTAIRE
KOMAX_29,PREVENTIVE MAINTENANCE,PV04,Préventif Trimestrielle,Maintenance,2025-06-02 05:57:38,2025-06-02 06:17:33,2025-06-02 08:46:57,2025-06-02 13:45:47.677,07:28:14,02:29:24,0000,4376,AUCUN COMMENTAIRE,INCONNU,448.23,149.4,19.92,149.4,298.84,448.24,5.0,Nuit,AUCUN COMMENTAIRE
KOMAX_37,PREVENTIVE MAINTENANCE,PV04,Préventif Trimestrielle,Maintenance,2025-06-03 05:59:28,2025-06-03 08:50:07,2025-06-03 08:50:23,2025-06-03 13:44:56.257,04:54:49,00:00:16,0000,4376,AUCUN COMMENTAIRE,INCONNU,294.82,0.27,170.65,0.27,294.55,294.82,5.0,Nuit,AUCUN COMMENTAIRE
KOMAX_61,PREVENTIVE MAINTENANCE,PV05,Préventif Semistrielle,Maintenance,2025-06-03 09:15:32,2025-06-03 09:22:55,2025-06-03 09:23:26,2025-06-03 09:41:49.053,00:18:54,00:00:31,82915,3139,imp preventive,AX080001535,18.9,0.52,7.38,0.52,18.38,18.9,9.0,Matin,IMPRIMANTE PREVENTIVE
KOMAX_57,PREVENTIVE MAINTENANCE,PV04,Préventif Trimestrielle,Maintenance,2025-06-04 12:04:29,2025-06-04 12:04:38,2025-06-04 12:04:47,2025-06-04 13:29:18.477,01:24:40,00:00:09,0000,4376,AUCUN COMMENTAIRE,INCONNU,84.67,0.15,0.15,0.15,84.52,84.67,12.0,Matin,AUCUN COMMENTAIRE
KOMAX_54,PREVENTIVE MAINTENANCE,PV04,Préventif Trimestrielle,Maintenance,2025-06-04 13:29:48,2025-06-04 13:29:53,2025-06-04 13:30:14,2025-06-04 13:30:24.037,00:00:31,00:00:21,0000,4376,AUCUN COMMENTAIRE,INCONNU,0.52,0.35,0.08,0.35,0.17,0.52,13.0,Matin,AUCUN COMMENTAIRE
KOMAX_14,PREVENTIVE MAINTENANCE,PV04,Préventif Trimestrielle,Maintenance,2025-06-05 14:50:30,2025-06-05 14:51:50,2025-06-05 14:52:05,2025-06-05 15:14:13.090,00:22:23,00:00:15,82935,3139,imp preventive,AX080001197,22.38,0.25,1.33,0.25,22.13,22.38,14.0,Après-midi,IMPRIMANTE PREVENTIVE
KOMAX_28,PREVENTIVE MAINTENANCE,PV04,Préventif Trimestrielle,Maintenance,2025-06-10 06:03:00,2025-06-10 08:59:52,2025-06-10 09:00:13,2025-06-10 13:22:34.320,04:22:42,00:00:21,0000,4376,AUCUN COMMENTAIRE,INCONNU,262.7,0.35,176.87,0.35,262.36,262.71,6.0,Matin,AUCUN COMMENTAIRE
KOMAX_36,PREVENTIVE MAINTENANCE,PV04,Préventif Trimestrielle,Maintenance,2025-06-10 05:55:36,2025-06-10 09:19:39,2025-06-10 09:19:46,2025-06-10 15:33:47.650,06:14:08,00:00:07,0000,3139,AUCUN COMMENTAIRE,INCONNU,374.13,0.12,204.05,0.12,374.03,374.14,5.0,Nuit,AUCUN COMMENTAIRE
KOMAX_51,PREVENTIVE MAINTENANCE,PV04,Préventif Trimestrielle,Maintenance,2025-06-11 06:09:32,2025-06-11 08:53:05,2025-06-11 08:53:12,2025-06-11 13:44:40.617,04:51:35,00:00:07,0000,4376,AUCUN COMMENTAIRE,INCONNU,291.58,0.12,163.55,0.12,291.48,291.59,6.0,Matin,AUCUN COMMENTAIRE
KOMAX_52,PREVENTIVE MAINTENANCE,PV04,Préventif Trimestrielle,Maintenance,2025-06-12 06:27:19,2025-06-12 08:45:40,2025-06-12 08:45:49,2025-06-12 13:27:41.160,04:42:01,00:00:09,0000,4376,AUCUN COMMENTAIRE,INCONNU,282.02,0.15,138.35,0.15,281.87,282.02,6.0,Matin,AUCUN COMMENTAIRE
KOMAX_6,PREVENTIVE MAINTENANCE,PV04,Préventif Trimestrielle,Maintenance,2025-06-12 14:57:02,2025-06-12 14:57:13,2025-06-12 14:57:21,2025-06-12 14:57:26.330,00:00:13,00:00:08,0000,3139,AUCUN COMMENTAIRE,INCONNU,0.22,0.13,0.18,0.13,0.09,0.22,14.0,Après-midi,AUCUN COMMENTAIRE
KOMAX_28,PREVENTIVE MAINTENANCE,PV06,Révision programmée,Maintenance,2025-06-12 17:17:49,2025-06-12 17:36:03,2025-06-12 17:36:10,2025-06-12 18:59:10.383,01:23:07,00:00:07,95185,404,demontage convoyeur + chgt les galets + axes + les roulements 6205 + tapis convoyeur 1 et 2 + ajustement tapis,INCONNU,83.12,0.12,18.23,0.12,83.01,83.12,17.0,Après-midi,DEMONTAGE CONVOYEUR + CHANGEMENT LES GALETS + AXES + LES ROULEMENTS 6205 + TAPIS CONVOYEUR CONVOYEUR 1 ET 2 + AJUSTEMENT TAPIS CONVOYEUR
KOMAX_17,PREVENTIVE MAINTENANCE,PV04,Préventif Trimestrielle,Maintenance,2025-06-13 09:24:07,2025-06-13 09:24:11,2025-06-13 09:24:20,2025-06-13 14:08:32.397,04:44:21,00:00:09,0000,4376,AUCUN COMMENTAIRE,INCONNU,284.35,0.15,0.07,0.15,284.21,284.36,9.0,Matin,AUCUN COMMENTAIRE
KOMAX_1,PREVENTIVE MAINTENANCE,PV04,Préventif Trimestrielle,Maintenance,2025-06-16 06:02:09,2025-06-16 09:02:14,2025-06-16 09:02:22,2025-06-16 14:31:21.190,05:29:07,00:00:08,0000,4376,AUCUN COMMENTAIRE,INCONNU,329.12,0.13,180.08,0.13,328.99,329.12,6.0,Matin,AUCUN COMMENTAIRE
KOMAX_35,PREVENTIVE MAINTENANCE,PV01,Préventif Hebdomadaire,Maintenance,2025-06-17 05:52:49,2025-06-17 08:47:39,2025-06-17 08:47:58,2025-06-17 08:54:14.080,00:06:35,00:00:19,0000,4376,AUCUN COMMENTAIRE,INCONNU,6.58,0.32,174.83,0.32,6.27,6.58,5.0,Nuit,AUCUN COMMENTAIRE
KOMAX_43,PREVENTIVE MAINTENANCE,PV01,Préventif Hebdomadaire,Maintenance,2025-06-17 06:16:37,2025-06-17 08:56:42,2025-06-17 08:56:51,2025-06-17 13:27:10.727,04:30:28,00:00:09,0000,4376,AUCUN COMMENTAIRE,INCONNU,270.47,0.15,160.08,0.15,270.33,270.48,6.0,Matin,AUCUN COMMENTAIRE
KOMAX_27,PREVENTIVE MAINTENANCE,PV04,Préventif Trimestrielle,Maintenance,2025-06-18 05:59:21,2025-06-18 09:00:56,2025-06-18 09:01:19,2025-06-18 13:57:21.383,04:56:25,00:00:23,0000,4376,AUCUN COMMENTAIRE,INCONNU,296.42,0.38,181.58,0.38,296.04,296.42,5.0,Nuit,AUCUN COMMENTAIRE
KOMAX_35,PREVENTIVE MAINTENANCE,PV04,Préventif Trimestrielle,Maintenance,2025-06-18 05:54:12,2025-06-18 09:06:04,2025-06-18 09:06:17,2025-06-18 14:28:56.803,05:22:52,00:00:13,0000,3139,AUCUN COMMENTAIRE,INCONNU,322.87,0.22,191.87,0.22,322.66,322.88,5.0,Nuit,AUCUN COMMENTAIRE
KOMAX_13,PREVENTIVE MAINTENANCE,PV04,Préventif Trimestrielle,Maintenance,2025-06-19 05:59:42,2025-06-19 08:57:20,2025-06-19 08:57:28,2025-06-19 12:47:42.990,03:50:22,00:00:08,0000,4376,AUCUN COMMENTAIRE,INCONNU,230.37,0.13,177.63,0.13,230.25,230.38,5.0,Nuit,AUCUN COMMENTAIRE
KOMAX_61,PREVENTIVE MAINTENANCE,PV04,Préventif Trimestrielle,Maintenance,2025-06-23 09:04:32,2025-06-23 09:14:34,2025-06-23 09:14:42,2025-06-23 13:56:32.033,04:41:58,00:00:08,0000,4376,AUCUN COMMENTAIRE,INCONNU,281.97,0.13,10.03,0.13,281.83,281.97,9.0,Matin,AUCUN COMMENTAIRE
KOMAX_12,PREVENTIVE MAINTENANCE,PV04,Préventif Trimestrielle,Maintenance,2025-06-24 06:14:24,2025-06-24 07:48:24,2025-06-24 08:55:02,2025-06-24 14:08:19.067,06:19:55,01:06:38,0000,4376,AUCUN COMMENTAIRE,INCONNU,379.92,66.63,94.0,66.63,313.28,379.92,6.0,Matin,AUCUN COMMENTAIRE
KOMAX_8,PREVENTIVE MAINTENANCE,PV04,Préventif Trimestrielle,Maintenance,2025-06-25 06:15:52,2025-06-25 07:55:39,2025-06-25 08:59:14,2025-06-25 13:06:10.527,05:10:31,01:03:35,0000,4376,AUCUN COMMENTAIRE,INCONNU,310.52,63.58,99.78,63.58,246.94,310.53,6.0,Matin,AUCUN COMMENTAIRE
KOMAX_62,PREVENTIVE MAINTENANCE,PV04,Préventif Trimestrielle,Maintenance,2025-06-26 06:00:15,2025-06-26 08:58:58,2025-06-26 09:00:47,2025-06-26 12:39:11.107,03:40:13,00:01:49,0000,4376,AUCUN COMMENTAIRE,INCONNU,220.22,1.82,178.72,1.82,218.4,220.22,6.0,Matin,AUCUN COMMENTAIRE
KOMAX_34,PREVENTIVE MAINTENANCE,PV04,Préventif Trimestrielle,Maintenance,2025-06-30 05:52:58,2025-06-30 09:04:18,2025-06-30 09:04:37,2025-06-30 14:00:15.193,04:55:57,00:00:19,0000,4376,AUCUN COMMENTAIRE,INCONNU,295.95,0.32,191.33,0.32,295.64,295.95,5.0,Nuit,AUCUN COMMENTAIRE
KOMAX_33,PREVENTIVE MAINTENANCE,PV04,Préventif Trimestrielle,Maintenance,2025-06-30 05:52:34,2025-06-30 09:05:52,2025-06-30 09:06:00,2025-06-30 15:56:08.417,06:50:16,00:00:08,0000,3139,AUCUN COMMENTAIRE,INCONNU,410.27,0.13,193.3,0.13,410.14,410.27,5.0,Nuit,AUCUN COMMENTAIRE
KOMAX_46,PREVENTIVE MAINTENANCE,PV04,Préventif Trimestrielle,Maintenance,2025-07-01 06:08:04,2025-07-01 08:57:00,2025-07-01 08:57:12,2025-07-01 13:13:55.990,04:16:55,00:00:12,0000,4376,AUCUN COMMENTAIRE,INCONNU,256.92,0.2,168.93,0.2,256.73,256.93,6.0,Matin,AUCUN COMMENTAIRE
KOMAX_41,PREVENTIVE MAINTENANCE,PV04,Préventif Trimestrielle,Maintenance,2025-07-01 05:51:18,2025-07-01 08:57:55,2025-07-01 08:58:02,2025-07-01 14:36:17.240,05:38:22,00:00:07,0000,3139,AUCUN COMMENTAIRE,INCONNU,338.37,0.12,186.62,0.12,338.25,338.37,5.0,Nuit,AUCUN COMMENTAIRE
KOMAX_3,PREVENTIVE MAINTENANCE,PV04,Préventif Trimestrielle,Maintenance,2025-07-03 06:00:03,2025-07-03 09:10:03,2025-07-03 09:10:11,2025-07-03 13:24:19.600,04:14:16,00:00:08,0000,4376,AUCUN COMMENTAIRE,INCONNU,254.27,0.13,190.0,0.13,254.14,254.28,6.0,Matin,AUCUN COMMENTAIRE
KOMAX_23,PREVENTIVE MAINTENANCE,PV04,Préventif Trimestrielle,Maintenance,2025-07-04 08:52:12,2025-07-04 08:56:39,2025-07-04 09:02:27,2025-07-04 12:56:09.633,03:59:30,00:05:48,0000,4376,AUCUN COMMENTAIRE,INCONNU,239.5,5.8,4.45,5.8,233.71,239.51,8.0,Matin,AUCUN COMMENTAIRE
KOMAX_7,PREVENTIVE MAINTENANCE,PV04,Préventif Trimestrielle,Maintenance,2025-07-07 09:31:25,2025-07-07 09:37:31,2025-07-07 09:37:39,2025-07-07 14:28:35.213,04:51:04,00:00:08, 0000,4376,AUCUN COMMENTAIRE,INCONNU,291.07,0.13,6.1,0.13,290.94,291.07,9.0,Matin,AUCUN COMMENTAIRE
KOMAX_9,PREVENTIVE MAINTENANCE,PV04,Préventif Trimestrielle,Maintenance,2025-07-08 05:50:34,2025-07-08 08:55:23,2025-07-08 08:56:04,2025-07-08 12:27:32.460,03:32:09,00:00:41,0000,4376,AUCUN COMMENTAIRE,INCONNU,212.15,0.68,184.82,0.68,211.47,212.16,5.0,Nuit,AUCUN COMMENTAIRE
KOMAX_10,PREVENTIVE MAINTENANCE,PV04,Préventif Trimestrielle,Maintenance,2025-07-09 06:02:31,2025-07-09 08:48:57,2025-07-09 08:49:09,2025-07-09 14:14:41.160,05:25:44,00:00:12,0000,4376,AUCUN COMMENTAIRE,INCONNU,325.73,0.2,166.43,0.2,325.54,325.74,6.0,Matin,AUCUN COMMENTAIRE
KOMAX_14,PREVENTIVE MAINTENANCE,PV04,Préventif Trimestrielle,Maintenance,2025-07-10 06:12:56,2025-07-10 09:00:11,2025-07-10 09:00:20,2025-07-10 13:39:11.927,04:39:00,00:00:09,0000,4376,AUCUN COMMENTAIRE,INCONNU,279.0,0.15,167.25,0.15,278.87,279.02,6.0,Matin,AUCUN COMMENTAIRE
KOMAX_50,PREVENTIVE MAINTENANCE,PV04,Préventif Trimestrielle,Maintenance,2025-07-11 12:35:46,2025-07-11 12:35:52,2025-07-11 12:36:03,2025-07-11 14:06:42.363,01:30:50,00:00:11,0000,4376,AUCUN COMMENTAIRE,INCONNU,90.83,0.18,0.1,0.18,90.66,90.84,12.0,Matin,AUCUN COMMENTAIRE
KOMAX_47,PREVENTIVE MAINTENANCE,PV04,Préventif Trimestrielle,Maintenance,2025-07-14 12:18:12,2025-07-14 12:18:20,2025-07-14 12:18:29,2025-07-14 13:56:52.650,01:38:32,00:00:09,0000,4376,AUCUN COMMENTAIRE,INCONNU,98.53,0.15,0.13,0.15,98.39,98.54,12.0,Matin,AUCUN COMMENTAIRE
KOMAX_45,PREVENTIVE MAINTENANCE,PV04,Préventif Trimestrielle,Maintenance,2025-07-15 12:02:08,2025-07-15 12:02:49,2025-07-15 12:03:19,2025-07-15 13:59:13.170,01:56:24,00:00:30,0000,4376,AUCUN COMMENTAIRE,INCONNU,116.4,0.5,0.68,0.5,115.9,116.4,12.0,Matin,AUCUN COMMENTAIRE
KOMAX_38,PREVENTIVE MAINTENANCE,PV04,Préventif Trimestrielle,Maintenance,2025-07-16 06:02:47,2025-07-16 08:53:57,2025-07-16 08:54:07,2025-07-16 13:56:43.740,05:02:46,00:00:10,0000,4376,AUCUN COMMENTAIRE,INCONNU,302.77,0.17,171.17,0.17,302.61,302.78,6.0,Matin,AUCUN COMMENTAIRE
KOMAX_22,PREVENTIVE MAINTENANCE,PV04,Préventif Trimestrielle,Maintenance,2025-07-17 06:17:21,2025-07-17 06:56:56,2025-07-17 08:53:36,2025-07-17 14:00:47.030,07:03:51,01:56:40,0000,4376,AUCUN COMMENTAIRE,INCONNU,423.85,116.67,39.58,116.67,307.18,423.85,6.0,Matin,AUCUN COMMENTAIRE
KOMAX_31,PREVENTIVE MAINTENANCE,PV04,Préventif Trimestrielle,Maintenance,2025-07-18 14:00:39,2025-07-18 14:00:45,2025-07-18 14:00:55,2025-07-18 14:01:11.473,00:00:26,00:00:10,0000,4376,AUCUN COMMENTAIRE,INCONNU,0.43,0.17,0.1,0.17,0.27,0.44,14.0,Après-midi,AUCUN COMMENTAIRE
KOMAX_42,PREVENTIVE MAINTENANCE,PV04,Préventif Trimestrielle,Maintenance,2025-07-21 08:00:09,2025-07-21 08:10:03,2025-07-21 08:49:37,2025-07-21 13:29:34.550,05:19:31,00:39:34,0000,4376,AUCUN COMMENTAIRE,INCONNU,319.52,39.57,9.9,39.57,279.96,319.53,8.0,Matin,AUCUN COMMENTAIRE
KOMAX_30,PREVENTIVE MAINTENANCE,PV04,Préventif Trimestrielle,Maintenance,2025-07-22 06:22:40,2025-07-22 08:04:53,2025-07-22 08:50:42,2025-07-22 13:33:34.413,05:28:41,00:45:49,0000,4376,AUCUN COMMENTAIRE,INCONNU,328.68,45.82,102.22,45.82,282.87,328.69,6.0,Matin,AUCUN COMMENTAIRE
KOMAX_26,PREVENTIVE MAINTENANCE,PV04,Préventif Trimestrielle,Maintenance,2025-07-23 09:49:29,2025-07-23 09:53:04,2025-07-23 09:53:13,2025-07-23 14:39:55.490,04:46:51,00:00:09,0000,4376,AUCUN COMMENTAIRE,INCONNU,286.85,0.15,3.58,0.15,286.71,286.86,9.0,Matin,AUCUN COMMENTAIRE
KOMAX_48,PREVENTIVE MAINTENANCE,PV04,Préventif Trimestrielle,Maintenance,2025-07-24 06:07:37,2025-07-24 08:59:30,2025-07-24 08:59:39,2025-07-24 13:38:37.510,04:39:07,00:00:09,0000,4376,AUCUN COMMENTAIRE,INCONNU,279.12,0.15,171.88,0.15,278.98,279.13,6.0,Matin,AUCUN COMMENTAIRE
KOMAX_21,PREVENTIVE MAINTENANCE,PV04,Préventif Trimestrielle,Maintenance,2025-07-25 06:00:27,2025-07-25 09:05:16,2025-07-25 09:05:31,2025-07-25 14:02:49.210,04:57:33,00:00:15,0000,4376,AUCUN COMMENTAIRE,INCONNU,297.55,0.25,184.82,0.25,297.3,297.55,6.0,Matin,AUCUN COMMENTAIRE
KOMAX_51,PREVENTIVE MAINTENANCE,PV01,Préventif Hebdomadaire,Maintenance,2025-07-26 18:30:28,2025-07-26 18:30:31,2025-07-26 18:34:28,2025-07-26 18:44:05.387,00:13:34,00:03:57,27228,6032,"RG CENTRAGE S91915
",LS91915,13.57,3.95,0.05,3.95,9.62,13.57,18.0,Après-midi,REGLAGE CENTRAGE S91915
PS_02,PREVENTIVE MAINTENANCE,PV04,Préventif Trimestrielle,Maintenance,2025-07-28 12:29:37,2025-07-28 12:29:54,2025-07-28 12:30:08,2025-07-28 14:41:51.400,02:11:57,00:00:14,0000,3139,AUCUN COMMENTAIRE,INCONNU,131.95,0.23,0.28,0.23,131.72,131.96,12.0,Matin,AUCUN COMMENTAIRE
KOMAX_39,PREVENTIVE MAINTENANCE,PV04,Préventif Trimestrielle,Maintenance,2025-07-29 11:10:11,2025-07-29 11:17:15,2025-07-29 11:17:22,2025-07-29 16:20:25.973,05:03:10,00:00:07,0000,4376,AUCUN COMMENTAIRE,INCONNU,303.17,0.12,7.07,0.12,303.07,303.18,11.0,Matin,AUCUN COMMENTAIRE
KOMAX_60,PREVENTIVE MAINTENANCE,PV04,Préventif Trimestrielle,Maintenance,2025-09-08 05:50:09,2025-09-08 09:01:56,2025-09-08 09:02:06,2025-09-08 14:17:10.983,05:15:14,00:00:10,0000,4376,AUCUN COMMENTAIRE,INCONNU,315.23,0.17,191.78,0.17,315.08,315.25,5.0,Nuit,AUCUN COMMENTAIRE
KOMAX_15,PREVENTIVE MAINTENANCE,PV04,Préventif Trimestrielle,Maintenance,2025-09-09 06:00:35,2025-09-09 09:07:43,2025-09-09 09:07:58,2025-09-09 13:53:47.180,04:46:04,00:00:15,0000,4376,AUCUN COMMENTAIRE,INCONNU,286.07,0.25,187.13,0.25,285.82,286.07,6.0,Matin,AUCUN COMMENTAIRE
KOMAX_27,PREVENTIVE MAINTENANCE,PV04,Préventif Trimestrielle,Maintenance,2025-09-11 09:06:04,2025-09-11 09:23:05,2025-09-11 09:23:14,2025-09-11 13:24:51.437,04:01:46,00:00:09,0000,4376,AUCUN COMMENTAIRE,INCONNU,241.77,0.15,17.02,0.15,241.62,241.77,9.0,Matin,AUCUN COMMENTAIRE
KOMAX_29,PREVENTIVE MAINTENANCE,PV01,Préventif Hebdomadaire,Maintenance,2025-09-12 06:05:12,2025-09-12 09:04:38,2025-09-12 09:04:58,2025-09-12 13:53:24.907,04:48:46,00:00:20,0000,4376,AUCUN COMMENTAIRE,INCONNU,288.77,0.33,179.43,0.33,288.45,288.78,6.0,Matin,AUCUN COMMENTAIRE
KOMAX_52,PREVENTIVE MAINTENANCE,PV04,Préventif Trimestrielle,Maintenance,2025-09-15 08:56:19,2025-09-15 09:08:05,2025-09-15 09:08:15,2025-09-15 13:22:09.527,04:14:04,00:00:10,0000,4376,AUCUN COMMENTAIRE,INCONNU,254.07,0.17,11.77,0.17,253.91,254.08,8.0,Matin,AUCUN COMMENTAIRE
KOMAX_37,PREVENTIVE MAINTENANCE,PV04,Préventif Trimestrielle,Maintenance,2025-09-16 05:59:48,2025-09-16 08:34:15,2025-09-16 08:34:33,2025-09-16 13:51:50.723,05:17:35,00:00:18,0000,4376,AUCUN COMMENTAIRE,INCONNU,317.58,0.3,154.45,0.3,317.3,317.6,5.0,Nuit,AUCUN COMMENTAIRE
KOMAX_36,PREVENTIVE MAINTENANCE,PV04,Préventif Trimestrielle,Maintenance,2025-09-17 05:57:59,2025-09-17 08:57:10,2025-09-17 08:57:18,2025-09-17 13:48:41.223,04:51:31,00:00:08,0000,4376,AUCUN COMMENTAIRE,INCONNU,291.52,0.13,179.18,0.13,291.39,291.52,5.0,Nuit,AUCUN COMMENTAIRE
KOMAX_6,PREVENTIVE MAINTENANCE,PV04,Préventif Trimestrielle,Maintenance,2025-09-18 08:49:24,2025-09-18 09:01:16,2025-09-18 09:01:30,2025-09-18 13:47:35.230,04:46:19,00:00:14,0000,4376,AUCUN COMMENTAIRE,INCONNU,286.32,0.23,11.87,0.23,286.09,286.32,8.0,Matin,AUCUN COMMENTAIRE
KOMAX_28,PREVENTIVE MAINTENANCE,PV04,Préventif Trimestrielle,Maintenance,2025-09-19 08:51:19,2025-09-19 09:11:08,2025-09-19 09:11:37,2025-09-19 14:03:27.670,04:52:19,00:00:29,0000,4376,AUCUN COMMENTAIRE,INCONNU,292.32,0.48,19.82,0.48,291.84,292.33,8.0,Matin,AUCUN COMMENTAIRE
KOMAX_13,PREVENTIVE MAINTENANCE,PV04,Préventif Trimestrielle,Maintenance,2025-09-22 05:59:39,2025-09-22 09:00:16,2025-09-22 09:00:25,2025-09-22 13:45:20.983,04:45:04,00:00:09,0000,4376,AUCUN COMMENTAIRE,INCONNU,285.07,0.15,180.62,0.15,284.93,285.08,5.0,Nuit,AUCUN COMMENTAIRE
KOMAX_43,PREVENTIVE MAINTENANCE,PV04,Préventif Trimestrielle,Maintenance,2025-09-23 13:49:14,2025-09-23 13:49:22,2025-09-23 13:49:33,2025-09-23 13:49:48.573,00:00:26,00:00:11,0000,4376,AUCUN COMMENTAIRE,INCONNU,0.43,0.18,0.13,0.18,0.26,0.44,13.0,Matin,AUCUN COMMENTAIRE
KOMAX_51,PREVENTIVE MAINTENANCE,PV04,Préventif Trimestrielle,Maintenance,2025-09-24 05:54:59,2025-09-24 08:53:32,2025-09-24 08:53:45,2025-09-24 13:42:59.123,04:49:27,00:00:13,0000,4376,AUCUN COMMENTAIRE,INCONNU,289.45,0.22,178.55,0.22,289.24,289.45,5.0,Nuit,AUCUN COMMENTAIRE
KOMAX_61,PREVENTIVE MAINTENANCE,PV04,Préventif Trimestrielle,Maintenance,2025-09-25 09:07:09,2025-09-25 09:13:36,2025-09-25 09:13:45,2025-09-25 16:11:26.963,06:57:50,00:00:09,0000,4376,AUCUN COMMENTAIRE,INCONNU,417.83,0.15,6.45,0.15,417.7,417.85,9.0,Matin,AUCUN COMMENTAIRE
KOMAX_17,PREVENTIVE MAINTENANCE,PV04,Préventif Trimestrielle,Maintenance,2025-09-26 09:53:36,2025-09-26 10:03:59,2025-09-26 10:04:10,2025-09-26 13:48:21.017,03:44:22,00:00:11,0000,4376,AUCUN COMMENTAIRE,INCONNU,224.37,0.18,10.38,0.18,224.18,224.37,9.0,Matin,AUCUN COMMENTAIRE
KOMAX_35,PREVENTIVE MAINTENANCE,PV04,Préventif Trimestrielle,Maintenance,2025-09-27 12:22:41,2025-09-27 12:28:48,2025-09-27 12:29:06,2025-09-27 12:29:18.010,00:00:30,00:00:18,0000,5986,AUCUN COMMENTAIRE,0,0.5,0.3,6.12,0.3,0.2,0.5,12.0,Matin,AUCUN COMMENTAIRE
KOMAX_8,PREVENTIVE MAINTENANCE,PV04,Préventif Trimestrielle,Maintenance,2025-09-29 09:30:02,2025-09-29 09:33:36,2025-09-29 09:33:45,2025-09-29 13:43:58.550,04:10:22,00:00:09,0000,4376,AUCUN COMMENTAIRE,INCONNU,250.37,0.15,3.57,0.15,250.23,250.38,9.0,Matin,AUCUN COMMENTAIRE
KOMAX_12,PREVENTIVE MAINTENANCE,PV04,Préventif Trimestrielle,Maintenance,2025-09-30 06:04:36,2025-09-30 08:59:05,2025-09-30 08:59:20,2025-09-30 13:44:23.263,04:45:18,00:00:15,0000,4376,AUCUN COMMENTAIRE,INCONNU,285.3,0.25,174.48,0.25,285.05,285.3,6.0,Matin,AUCUN COMMENTAIRE
KOMAX_3,PREVENTIVE MAINTENANCE,PV04,Préventif Trimestrielle,Maintenance,2025-10-01 05:55:54,2025-10-01 09:03:23,2025-10-01 09:03:31,2025-10-01 14:09:43.853,05:06:20,00:00:08,0000,4376,AUCUN COMMENTAIRE,INCONNU,306.33,0.13,187.48,0.13,306.21,306.35,5.0,Nuit,AUCUN COMMENTAIRE
KOMAX_62,PREVENTIVE MAINTENANCE,PV04,Préventif Trimestrielle,Maintenance,2025-10-02 05:51:48,2025-10-02 08:53:42,2025-10-02 08:53:51,2025-10-02 13:27:29.933,04:33:47,00:00:09,0000,4376,AUCUN COMMENTAIRE,INCONNU,273.78,0.15,181.9,0.15,273.65,273.8,5.0,Nuit,AUCUN COMMENTAIRE
KOMAX_34,PREVENTIVE MAINTENANCE,PV05,Préventif Semistrielle,Maintenance,2025-10-03 11:58:17,2025-10-03 11:58:42,2025-10-03 11:58:54,2025-10-03 14:03:55.800,02:05:13,00:00:12,0000,5986,AUCUN COMMENTAIRE,0,125.22,0.2,0.42,0.2,125.03,125.23,11.0,Matin,AUCUN COMMENTAIRE
KOMAX_1,PREVENTIVE MAINTENANCE,PV04,Préventif Trimestrielle,Maintenance,2025-10-03 13:58:08,2025-10-03 13:58:12,2025-10-03 13:58:19,2025-10-03 13:58:29.003,00:00:17,00:00:07,0000,4376,AUCUN COMMENTAIRE,INCONNU,0.28,0.12,0.07,0.12,0.17,0.28,13.0,Matin,AUCUN COMMENTAIRE
KOMAX_46,PREVENTIVE MAINTENANCE,PV04,Préventif Trimestrielle,Maintenance,2025-10-06 05:57:14,2025-10-06 09:02:06,2025-10-06 09:02:15,2025-10-06 14:53:02.427,05:50:56,00:00:09,0000,4376,AUCUN COMMENTAIRE,INCONNU,350.93,0.15,184.87,0.15,350.79,350.94,5.0,Nuit,AUCUN COMMENTAIRE
KOMAX_41,PREVENTIVE MAINTENANCE,PV04,Préventif Trimestrielle,Maintenance,2025-10-07 05:59:22,2025-10-07 08:51:21,2025-10-07 08:51:30,2025-10-07 14:03:47.703,05:12:26,00:00:09,0000,4376,AUCUN COMMENTAIRE,INCONNU,312.43,0.15,171.98,0.15,312.3,312.45,5.0,Nuit,AUCUN COMMENTAIRE
KOMAX_33,PREVENTIVE MAINTENANCE,PV04,Préventif Trimestrielle,Maintenance,2025-10-08 05:55:11,2025-10-08 09:13:32,2025-10-08 09:13:44,2025-10-08 13:51:13.073,04:37:41,00:00:12,0000,4376,AUCUN COMMENTAIRE,INCONNU,277.68,0.2,198.35,0.2,277.48,277.68,5.0,Nuit,AUCUN COMMENTAIRE
KOMAX_23,PREVENTIVE MAINTENANCE,PV04,Préventif Trimestrielle,Maintenance,2025-10-09 09:04:36,2025-10-09 09:16:58,2025-10-09 09:17:06,2025-10-09 13:41:42.477,04:24:44,00:00:08,0000,4376,AUCUN COMMENTAIRE,INCONNU,264.73,0.13,12.37,0.13,264.61,264.74,9.0,Matin,AUCUN COMMENTAIRE
KOMAX_9,PREVENTIVE MAINTENANCE,PV04,Préventif Trimestrielle,Maintenance,2025-10-10 13:44:15,2025-10-10 13:44:20,2025-10-10 13:44:31,2025-10-10 13:44:51.047,00:00:31,00:00:11,0000,4376,AUCUN COMMENTAIRE,INCONNU,0.52,0.18,0.08,0.18,0.33,0.52,13.0,Matin,AUCUN COMMENTAIRE
KOMAX_10,PREVENTIVE MAINTENANCE,PV04,Préventif Trimestrielle,Maintenance,2025-10-13 13:17:43,2025-10-13 13:17:50,2025-10-13 13:18:55,2025-10-13 13:19:03.063,00:01:13,00:01:05,0000,5986,AUCUN COMMENTAIRE,INCONNU,1.22,1.08,0.12,1.08,0.13,1.22,13.0,Matin,AUCUN COMMENTAIRE
KOMAX_7,PREVENTIVE MAINTENANCE,PV04,Préventif Trimestrielle,Maintenance,2025-10-14 08:55:05,2025-10-14 08:55:10,2025-10-14 08:55:21,2025-10-14 13:44:37.410,04:49:27,00:00:11,0000,4376,AUCUN COMMENTAIRE,INCONNU,289.45,0.18,0.08,0.18,289.27,289.46,8.0,Matin,AUCUN COMMENTAIRE
KOMAX_14,PREVENTIVE MAINTENANCE,PV04,Préventif Trimestrielle,Maintenance,2025-10-15 09:00:43,2025-10-15 09:00:56,2025-10-15 09:01:05,2025-10-15 13:39:56.583,04:39:00,00:00:09,0000,4376,AUCUN COMMENTAIRE,INCONNU,279.0,0.15,0.22,0.15,278.86,279.01,9.0,Matin,AUCUN COMMENTAIRE
KOMAX_58,PREVENTIVE MAINTENANCE,PV04,Préventif Trimestrielle,Maintenance,2025-10-20 13:52:03,2025-10-20 13:52:08,2025-10-20 13:52:18,2025-10-20 13:52:29.103,00:00:21,00:00:10,0000,4376,AUCUN COMMENTAIRE,INCONNU,0.35,0.17,0.08,0.17,0.19,0.35,13.0,Matin,AUCUN COMMENTAIRE
KOMAX_50,PREVENTIVE MAINTENANCE,PV04,Préventif Trimestrielle,Maintenance,2025-10-21 08:14:37,2025-10-21 08:57:38,2025-10-21 08:57:46,2025-10-21 13:34:20.527,04:36:42,00:00:08,0000,4376,AUCUN COMMENTAIRE,INCONNU,276.7,0.13,43.02,0.13,276.58,276.71,8.0,Matin,AUCUN COMMENTAIRE
KOMAX_38,PREVENTIVE MAINTENANCE,PV04,Préventif Trimestrielle,Maintenance,2025-10-23 06:04:59,2025-10-23 08:58:36,2025-10-23 08:58:44,2025-10-23 12:00:11.153,03:01:35,00:00:08,0000,4376,AUCUN COMMENTAIRE,INCONNU,181.58,0.13,173.62,0.13,181.45,181.59,6.0,Matin,AUCUN COMMENTAIRE
KOMAX_38,PREVENTIVE MAINTENANCE,PV04,Préventif Trimestrielle,Maintenance,2025-10-23 12:05:17,2025-10-23 12:05:21,2025-10-23 12:05:38,2025-10-23 14:33:36.153,02:28:15,00:00:17,0000,4376,AUCUN COMMENTAIRE,INCONNU,148.25,0.28,0.07,0.28,147.97,148.25,12.0,Matin,AUCUN COMMENTAIRE
KOMAX_22,PREVENTIVE MAINTENANCE,PV04,Préventif Trimestrielle,Maintenance,2025-10-24 11:42:31,2025-10-24 11:42:49,2025-10-24 11:43:25,2025-10-24 13:47:33.863,02:04:44,00:00:36,0000,4376,AUCUN COMMENTAIRE,INCONNU,124.73,0.6,0.3,0.6,124.15,124.75,11.0,Matin,AUCUN COMMENTAIRE
KOMAX_46,PREVENTIVE MAINTENANCE,PV01,Préventif Hebdomadaire,Maintenance,2025-10-27 05:12:35,2025-10-27 05:12:39,2025-10-27 05:19:04,2025-10-27 05:27:45.117,00:15:06,00:06:25,18794,5833,reg position robot + ajust tige,ls72427,15.1,6.42,0.07,6.42,8.69,15.1,5.0,Nuit,REGLAGE POSITION ROBOT + AJUSTEMENT TIGE
KOMAX_48,PREVENTIVE MAINTENANCE,PV04,Préventif Trimestrielle,Maintenance,2025-10-27 06:00:42,2025-10-27 08:57:20,2025-10-27 08:57:30,2025-10-27 14:03:16.283,05:05:56,00:00:10,0000,4376,AUCUN COMMENTAIRE,INCONNU,305.93,0.17,176.63,0.17,305.77,305.94,6.0,Matin,AUCUN COMMENTAIRE
KOMAX_42,PREVENTIVE MAINTENANCE,PV04,Préventif Trimestrielle,Maintenance,2025-10-28 05:57:38,2025-10-28 08:40:10,2025-10-28 08:40:27,2025-10-28 13:58:16.107,05:18:06,00:00:17,0000,4376,AUCUN COMMENTAIRE,INCONNU,318.1,0.28,162.53,0.28,317.82,318.1,5.0,Nuit,AUCUN COMMENTAIRE
PS_03,PREVENTIVE MAINTENANCE,PV04,Préventif Trimestrielle,Maintenance,2025-10-29 09:07:03,2025-10-29 09:07:08,2025-10-29 09:07:23,2025-10-29 13:05:11.810,03:58:03,00:00:15,0000,4376,AUCUN COMMENTAIRE,INCONNU,238.05,0.25,0.08,0.25,237.81,238.06,9.0,Matin,AUCUN COMMENTAIRE
KOMAX_30,PREVENTIVE MAINTENANCE,PV04,Préventif Trimestrielle,Maintenance,2025-10-30 06:28:42,2025-10-30 06:29:02,2025-10-30 09:06:44,2025-10-30 13:32:08.653,07:03:06,02:37:42,0000,4376,AUCUN COMMENTAIRE,INCONNU,423.1,157.7,0.33,157.7,265.41,423.11,6.0,Matin,AUCUN COMMENTAIRE
KOMAX_26,PREVENTIVE MAINTENANCE,PV04,Préventif Trimestrielle,Maintenance,2025-11-03 06:26:52,2025-11-03 08:58:02,2025-11-03 08:58:23,2025-11-03 13:22:43.283,04:24:41,00:00:21,0000,4376,AUCUN COMMENTAIRE,INCONNU,264.68,0.35,151.17,0.35,264.34,264.69,6.0,Matin,AUCUN COMMENTAIRE
KOMAX_11,PREVENTIVE MAINTENANCE,PV04,Préventif Trimestrielle,Maintenance,2025-11-04 05:50:00,2025-11-04 08:49:31,2025-11-04 08:49:57,2025-11-04 13:10:09.817,04:20:38,00:00:26,0000,4376,AUCUN COMMENTAIRE,INCONNU,260.63,0.43,179.52,0.43,260.21,260.65,5.0,Nuit,AUCUN COMMENTAIRE
KOMAX_21,PREVENTIVE MAINTENANCE,PV04,Préventif Trimestrielle,Maintenance,2025-11-05 06:00:13,2025-11-05 08:50:25,2025-11-05 08:50:35,2025-11-05 13:06:03.770,04:15:38,00:00:10,0000,4376,AUCUN COMMENTAIRE,INCONNU,255.63,0.17,170.2,0.17,255.48,255.65,6.0,Matin,AUCUN COMMENTAIRE
KOMAX_39,PREVENTIVE MAINTENANCE,PV04,Préventif Trimestrielle,Maintenance,2025-11-10 06:16:17,2025-11-10 08:59:38,2025-11-10 08:59:54,2025-11-10 13:57:07.957,04:57:29,00:00:16,0000,4376,AUCUN COMMENTAIRE,INCONNU,297.48,0.27,163.35,0.27,297.23,297.5,6.0,Matin,AUCUN COMMENTAIRE
KOMAX_58,PREVENTIVE MAINTENANCE,PV04,Préventif Trimestrielle,Maintenance,2025-11-11 11:46:24,2025-11-11 11:46:38,2025-11-11 11:47:04,2025-11-11 13:32:48.150,01:46:10,00:00:26,0000,4376,AUCUN COMMENTAIRE,INCONNU,106.17,0.43,0.23,0.43,105.74,106.17,11.0,Matin,AUCUN COMMENTAIRE
KOMAX_53,PREVENTIVE MAINTENANCE,PV04,Préventif Trimestrielle,Maintenance,2025-11-12 06:03:30,2025-11-12 08:51:22,2025-11-12 08:51:31,2025-11-12 13:15:22.227,04:24:00,00:00:09,0000,4376,AUCUN COMMENTAIRE,INCONNU,264.0,0.15,167.87,0.15,263.85,264.0,6.0,Matin,AUCUN COMMENTAIRE
KOMAX_31,PREVENTIVE MAINTENANCE,PV04,Préventif Trimestrielle,Maintenance,2025-11-13 13:33:00,2025-11-13 13:33:04,2025-11-13 13:33:15,2025-11-13 13:34:12.233,00:01:08,00:00:11,0000,4376,AUCUN COMMENTAIRE,INCONNU,1.13,0.18,0.07,0.18,0.95,1.14,13.0,Matin,AUCUN COMMENTAIRE
KOMAX_20,PREVENTIVE MAINTENANCE,PV04,Préventif Trimestrielle,Maintenance,2025-11-14 09:25:30,2025-11-14 09:25:36,2025-11-14 09:25:48,2025-11-14 13:45:59.003,04:20:23,00:00:12,0000,4376,AUCUN COMMENTAIRE,INCONNU,260.38,0.2,0.1,0.2,260.18,260.38,9.0,Matin,AUCUN COMMENTAIRE
KOMAX_24,PREVENTIVE MAINTENANCE,PV04,Préventif Trimestrielle,Maintenance,2025-11-14 09:49:06,2025-11-14 09:51:03,2025-11-14 09:51:17,2025-11-14 15:46:01.950,05:54:58,00:00:14,0000,3139,AUCUN COMMENTAIRE,INCONNU,354.97,0.23,1.95,0.23,354.75,354.98,9.0,Matin,AUCUN COMMENTAIRE
KOMAX_18,PREVENTIVE MAINTENANCE,PV04,Préventif Trimestrielle,Maintenance,2025-11-17 07:16:19,2025-11-17 07:16:47,2025-11-17 08:58:03,2025-11-17 13:48:12.497,06:31:25,01:41:16,0000,4376,AUCUN COMMENTAIRE,INCONNU,391.42,101.27,0.47,101.27,290.16,391.42,7.0,Matin,AUCUN COMMENTAIRE
KOMAX_19,PREVENTIVE MAINTENANCE,PV04,Préventif Trimestrielle,Maintenance,2025-11-19 09:17:05,2025-11-19 09:20:14,2025-11-19 09:20:25,2025-11-19 13:10:15.853,03:50:01,00:00:11,0000,4376,AUCUN COMMENTAIRE,INCONNU,230.02,0.18,3.15,0.18,229.85,230.03,9.0,Matin,AUCUN COMMENTAIRE
KOMAX_59,PREVENTIVE MAINTENANCE,PV04,Préventif Trimestrielle,Maintenance,2025-11-20 06:24:10,2025-11-20 09:01:38,2025-11-20 09:01:46,2025-11-20 13:22:46.413,04:21:08,00:00:08,0000,4376,AUCUN COMMENTAIRE,INCONNU,261.13,0.13,157.47,0.13,261.01,261.14,6.0,Matin,AUCUN COMMENTAIRE
KOMAX_40,PREVENTIVE MAINTENANCE,PV04,Préventif Trimestrielle,Maintenance,2025-11-21 09:13:47,2025-11-21 09:24:03,2025-11-21 09:24:13,2025-11-21 12:22:24.497,02:58:21,00:00:10,0000,4376,AUCUN COMMENTAIRE,INCONNU,178.35,0.17,10.27,0.17,178.19,178.36,9.0,Matin,AUCUN COMMENTAIRE
KOMAX_25,PREVENTIVE MAINTENANCE,PV04,Préventif Trimestrielle,Maintenance,2025-11-24 09:05:10,2025-11-24 09:10:00,2025-11-24 09:10:18,2025-11-24 13:12:39.493,04:02:39,00:00:18,0000,4376,AUCUN COMMENTAIRE,INCONNU,242.65,0.3,4.83,0.3,242.36,242.66,9.0,Matin,AUCUN COMMENTAIRE
KOMAX_4,PREVENTIVE MAINTENANCE,PV04,Préventif Trimestrielle,Maintenance,2025-11-25 06:03:49,2025-11-25 08:51:02,2025-11-25 08:51:10,2025-11-25 13:59:30.067,05:08:28,00:00:08,0000,4376,AUCUN COMMENTAIRE,INCONNU,308.47,0.13,167.22,0.13,308.33,308.47,6.0,Matin,AUCUN COMMENTAIRE
KOMAX_2,PREVENTIVE MAINTENANCE,PV04,Préventif Trimestrielle,Maintenance,2025-11-26 05:59:22,2025-11-26 08:56:48,2025-11-26 08:57:00,2025-11-26 13:43:38.793,04:46:50,00:00:12,0000,4376,AUCUN COMMENTAIRE,INCONNU,286.83,0.2,177.43,0.2,286.65,286.85,5.0,Nuit,AUCUN COMMENTAIRE
KOMAX_60,PREVENTIVE MAINTENANCE,PV04,Préventif Trimestrielle,Maintenance,2025-11-27 06:04:00,2025-11-27 09:00:24,2025-11-27 09:00:34,2025-11-27 13:20:49.520,04:20:25,00:00:10,0000,4376,AUCUN COMMENTAIRE,INCONNU,260.42,0.17,176.4,0.17,260.26,260.43,6.0,Matin,AUCUN COMMENTAIRE
KOMAX_37,PREVENTIVE MAINTENANCE,PV04,Préventif Trimestrielle,Maintenance,2025-12-01 06:06:39,2025-12-01 08:53:44,2025-12-01 08:53:59,2025-12-01 14:01:20.523,05:07:36,00:00:15,0000,4376,AUCUN COMMENTAIRE,INCONNU,307.6,0.25,167.08,0.25,307.36,307.61,6.0,Matin,AUCUN COMMENTAIRE
KOMAX_5,PREVENTIVE MAINTENANCE,PV04,Préventif Trimestrielle,Maintenance,2025-12-02 09:18:57,2025-12-02 09:28:19,2025-12-02 09:28:29,2025-12-02 14:44:25.760,05:16:06,00:00:10,0000,4376,AUCUN COMMENTAIRE,INCONNU,316.1,0.17,9.37,0.17,315.95,316.11,9.0,Matin,AUCUN COMMENTAIRE
KOMAX_29,PREVENTIVE MAINTENANCE,PV04,Préventif Trimestrielle,Maintenance,2025-12-03 08:57:18,2025-12-03 09:05:43,2025-12-03 09:05:52,2025-12-03 13:15:19.363,04:09:36,00:00:09,0000,4376,AUCUN COMMENTAIRE,INCONNU,249.6,0.15,8.42,0.15,249.46,249.61,8.0,Matin,AUCUN COMMENTAIRE
KOMAX_17,PREVENTIVE MAINTENANCE,PV04,Préventif Trimestrielle,Maintenance,2025-12-04 09:35:01,2025-12-04 09:41:28,2025-12-04 09:41:30,2025-12-04 14:26:00.350,04:44:32,00:00:02,0000,4376,AUCUN COMMENTAIRE,INCONNU,284.53,0.03,6.45,0.03,284.51,284.54,9.0,Matin,AUCUN COMMENTAIRE
KOMAX_27,PREVENTIVE MAINTENANCE,PV04,Préventif Trimestrielle,Maintenance,2025-12-05 06:18:16,2025-12-05 09:06:13,2025-12-05 09:06:25,2025-12-05 13:55:24.193,04:49:11,00:00:12,0000,4376,AUCUN COMMENTAIRE,INCONNU,289.18,0.2,167.95,0.2,288.99,289.19,6.0,Matin,AUCUN COMMENTAIRE
KOMAX_36,PREVENTIVE MAINTENANCE,PV04,Préventif Trimestrielle,Maintenance,2025-12-08 12:12:57,2025-12-08 12:13:01,2025-12-08 12:13:10,2025-12-08 13:55:06.513,01:42:05,00:00:09,0000,4376,AUCUN COMMENTAIRE,INCONNU,102.08,0.15,0.07,0.15,101.94,102.09,12.0,Matin,AUCUN COMMENTAIRE
KOMAX_6,PREVENTIVE MAINTENANCE,PV04,Préventif Trimestrielle,Maintenance,2025-12-09 05:50:19,2025-12-09 09:05:09,2025-12-09 09:05:20,2025-12-09 13:22:00.267,04:16:51,00:00:11,0000,4376,AUCUN COMMENTAIRE,INCONNU,256.85,0.18,194.83,0.18,256.67,256.85,5.0,Nuit,AUCUN COMMENTAIRE
KOMAX_51,PREVENTIVE MAINTENANCE,PV04,Préventif Trimestrielle,Maintenance,2025-12-10 06:12:05,2025-12-10 08:59:20,2025-12-10 08:59:29,2025-12-10 13:26:12.037,04:26:52,00:00:09,0000,4376,AUCUN COMMENTAIRE,INCONNU,266.87,0.15,167.25,0.15,266.72,266.87,6.0,Matin,AUCUN COMMENTAIRE
KOMAX_52,PREVENTIVE MAINTENANCE,PV04,Préventif Trimestrielle,Maintenance,2025-12-11 06:15:47,2025-12-11 08:55:36,2025-12-11 08:55:53,2025-12-11 13:10:44.900,04:15:08,00:00:17,0000,4376,AUCUN COMMENTAIRE,INCONNU,255.13,0.28,159.82,0.28,254.86,255.15,6.0,Matin,AUCUN COMMENTAIRE
KOMAX_43,PREVENTIVE MAINTENANCE,PV04,Préventif Trimestrielle,Maintenance,2025-12-15 08:58:49,2025-12-15 08:58:55,2025-12-15 08:59:04,2025-12-15 13:08:12.120,04:09:17,00:00:09,0000,4376,AUCUN COMMENTAIRE,INCONNU,249.28,0.15,0.1,0.15,249.14,249.29,8.0,Matin,AUCUN COMMENTAIRE
KOMAX_61,PREVENTIVE MAINTENANCE,PV04,Préventif Trimestrielle,Maintenance,2025-12-16 05:53:30,2025-12-16 08:53:47,2025-12-16 08:53:56,2025-12-16 13:11:11.870,04:17:24,00:00:09,0000,4376,AUCUN COMMENTAIRE,INCONNU,257.4,0.15,180.28,0.15,257.26,257.41,5.0,Nuit,AUCUN COMMENTAIRE
KOMAX_61,PREVENTIVE MAINTENANCE,PV05,Préventif Semistrielle,Maintenance,2025-12-16 14:12:55,2025-12-16 14:36:53,2025-12-16 14:37:00,2025-12-16 14:37:55.460,00:01:02,00:00:07,0000,3139,AUCUN COMMENTAIRE,AX080001534,1.03,0.12,23.97,0.12,0.92,1.04,14.0,Après-midi,AUCUN COMMENTAIRE
SPEEDY_1,PREVENTIVE MAINTENANCE,PV06,Révision programmée,Maintenance,2025-12-17 09:26:43,2025-12-17 09:26:51,2025-12-17 09:27:09,2025-12-17 14:30:44.060,05:03:53,00:00:18,0000,4376,AUCUN COMMENTAIRE,INCONNU,303.88,0.3,0.13,0.3,303.58,303.88,9.0,Matin,AUCUN COMMENTAIRE
KOMAX_62,PREVENTIVE MAINTENANCE,PV04,Préventif Trimestrielle,Maintenance,2025-12-18 05:52:57,2025-12-18 08:54:58,2025-12-18 08:55:06,2025-12-18 13:20:39.680,04:25:41,00:00:08,0000,4376,AUCUN COMMENTAIRE,INCONNU,265.68,0.13,182.02,0.13,265.56,265.69,5.0,Nuit,AUCUN COMMENTAIRE
KOMAX_3,PREVENTIVE MAINTENANCE,PV04,Préventif Trimestrielle,Maintenance,2025-12-19 08:52:24,2025-12-19 09:04:13,2025-12-19 09:04:21,2025-12-19 13:53:57.747,04:49:44,00:00:08,0000,4376,AUCUN COMMENTAIRE,INCONNU,289.73,0.13,11.82,0.13,289.61,289.75,8.0,Matin,AUCUN COMMENTAIRE
KOMAX_23,PREVENTIVE MAINTENANCE,PV04,Préventif Trimestrielle,Maintenance,2026-01-05 14:30:47,2026-01-05 14:30:52,2026-01-05 14:31:05,2026-01-05 14:31:13.280,00:00:21,00:00:13,0000,4376,AUCUN COMMENTAIRE,INCONNU,0.35,0.22,0.08,0.22,0.14,0.35,14.0,Après-midi,AUCUN COMMENTAIRE
KOMAX_12,PREVENTIVE MAINTENANCE,PV04,Préventif Trimestrielle,Maintenance,2026-01-06 06:02:09,2026-01-06 09:04:34,2026-01-06 09:04:44,2026-01-06 13:15:05.307,04:10:31,00:00:10,0000,4376,AUCUN COMMENTAIRE,INCONNU,250.52,0.17,182.42,0.17,250.36,250.52,6.0,Matin,AUCUN COMMENTAIRE
KOMAX_46,PREVENTIVE MAINTENANCE,PV04,Préventif Trimestrielle,Maintenance,2026-01-07 09:11:47,2026-01-07 09:41:15,2026-01-07 09:41:23,2026-01-07 14:17:26.973,04:36:11,00:00:08,0000,4376,AUCUN COMMENTAIRE,INCONNU,276.18,0.13,29.47,0.13,276.07,276.2,9.0,Matin,AUCUN COMMENTAIRE
KOMAX_41,PREVENTIVE MAINTENANCE,PV04,Préventif Trimestrielle,Maintenance,2026-01-08 06:05:43,2026-01-08 08:06:37,2026-01-08 09:02:46,2026-01-08 13:56:17.173,05:49:40,00:56:09,0000,4376,AUCUN COMMENTAIRE,INCONNU,349.67,56.15,120.9,56.15,293.52,349.67,6.0,Matin,AUCUN COMMENTAIRE
KOMAX_35,PREVENTIVE MAINTENANCE,PV04,Préventif Trimestrielle,Maintenance,2026-01-09 05:58:13,2026-01-09 06:29:23,2026-01-09 09:03:22,2026-01-09 14:17:49.753,07:48:26,02:33:59,0000,4376,AUCUN COMMENTAIRE,INCONNU,468.43,153.98,31.17,153.98,314.46,468.45,5.0,Nuit,AUCUN COMMENTAIRE
KOMAX_10,PREVENTIVE MAINTENANCE,PV04,Préventif Trimestrielle,Maintenance,2026-01-12 14:41:04,2026-01-12 14:41:08,2026-01-12 14:41:17,2026-01-12 14:41:24.617,00:00:16,00:00:09,0000,4376,AUCUN COMMENTAIRE,INCONNU,0.27,0.15,0.07,0.15,0.13,0.28,14.0,Après-midi,AUCUN COMMENTAIRE
KOMAX_14,PREVENTIVE MAINTENANCE,PV04,Préventif Trimestrielle,Maintenance,2026-01-13 08:01:18,2026-01-13 08:49:56,2026-01-13 08:50:18,2026-01-13 13:20:55.813,04:30:59,00:00:22,0000,4376,AUCUN COMMENTAIRE,INCONNU,270.98,0.37,48.63,0.37,270.63,271.0,8.0,Matin,AUCUN COMMENTAIRE
KOMAX_7,PREVENTIVE MAINTENANCE,PV04,Préventif Trimestrielle,Maintenance,2026-01-15 07:49:04,2026-01-15 09:00:34,2026-01-15 09:00:42,2026-01-15 13:42:43.997,04:42:09,00:00:08,0000,4376,AUCUN COMMENTAIRE,INCONNU,282.15,0.13,71.5,0.13,282.03,282.17,7.0,Matin,AUCUN COMMENTAIRE
KOMAX_57,PREVENTIVE MAINTENANCE,PV04,Préventif Trimestrielle,Maintenance,2026-01-20 05:56:19,2026-01-20 09:12:54,2026-01-20 09:13:03,2026-01-20 13:37:53.903,04:24:59,00:00:09,0000,4376,AUCUN COMMENTAIRE,INCONNU,264.98,0.15,196.58,0.15,264.85,265.0,5.0,Nuit,AUCUN COMMENTAIRE
KOMAX_33,PREVENTIVE MAINTENANCE,PV04,Préventif Trimestrielle,Maintenance,2026-01-21 06:13:38,2026-01-21 08:59:31,2026-01-21 08:59:40,2026-01-21 13:36:17.043,04:36:46,00:00:09,0000,4376,AUCUN COMMENTAIRE,INCONNU,276.77,0.15,165.88,0.15,276.62,276.77,6.0,Matin,AUCUN COMMENTAIRE
KOMAX_34,PREVENTIVE MAINTENANCE,PV04,Préventif Trimestrielle,Maintenance,2026-01-22 06:03:18,2026-01-22 08:56:21,2026-01-22 08:56:33,2026-01-22 13:23:17.440,04:26:56,00:00:12,0000,4376,AUCUN COMMENTAIRE,INCONNU,266.93,0.2,173.05,0.2,266.74,266.94,6.0,Matin,AUCUN COMMENTAIRE
KOMAX_50,PREVENTIVE MAINTENANCE,PV04,Préventif Trimestrielle,Maintenance,2026-01-23 05:56:15,2026-01-23 08:57:07,2026-01-23 08:57:16,2026-01-23 14:20:49.173,05:23:42,00:00:09,0000,4376,AUCUN COMMENTAIRE,INCONNU,323.7,0.15,180.87,0.15,323.55,323.7,5.0,Nuit,AUCUN COMMENTAIRE
KOMAX_38,PREVENTIVE MAINTENANCE,PV04,Préventif Trimestrielle,Maintenance,2026-01-26 06:09:59,2026-01-26 08:52:20,2026-01-26 08:52:29,2026-01-26 13:14:25.393,04:22:05,00:00:09, 0000,4376,AUCUN COMMENTAIRE,INCONNU,262.08,0.15,162.35,0.15,261.94,262.09,6.0,Matin,AUCUN COMMENTAIRE
KOMAX_30,PREVENTIVE MAINTENANCE,PV04,Préventif Trimestrielle,Maintenance,2026-01-27 06:16:05,2026-01-27 08:52:47,2026-01-27 08:52:56,2026-01-27 14:00:11.520,05:07:24,00:00:09,0000,4376,AUCUN COMMENTAIRE,INCONNU,307.4,0.15,156.7,0.15,307.26,307.41,6.0,Matin,AUCUN COMMENTAIRE
KOMAX_32,PREVENTIVE MAINTENANCE,PV04,Préventif Trimestrielle,Maintenance,2026-01-27 14:04:53,2026-01-27 14:04:57,2026-01-27 14:05:10,2026-01-27 14:05:15.093,00:00:18,00:00:13,0000,3139,AUCUN COMMENTAIRE,INCONNU,0.3,0.22,0.07,0.22,0.08,0.3,14.0,Après-midi,AUCUN COMMENTAIRE
KOMAX_21,PREVENTIVE MAINTENANCE,PV04,Préventif Trimestrielle,Maintenance,2026-01-28 06:06:11,2026-01-28 08:55:45,2026-01-28 08:55:54,2026-01-28 13:34:37.040,04:38:52,00:00:09,0000,4376,AUCUN COMMENTAIRE,INCONNU,278.87,0.15,169.57,0.15,278.72,278.87,6.0,Matin,AUCUN COMMENTAIRE
KOMAX_22,PREVENTIVE MAINTENANCE,PV04,Préventif Trimestrielle,Maintenance,2026-01-29 05:58:44,2026-01-29 09:02:57,2026-01-29 09:03:06,2026-01-29 13:31:50.787,04:28:53,00:00:09,0000,4376,AUCUN COMMENTAIRE,INCONNU,268.88,0.15,184.22,0.15,268.75,268.9,5.0,Nuit,AUCUN COMMENTAIRE
KOMAX_26,PREVENTIVE MAINTENANCE,PV02,Préventif Mensuel,Maintenance,2026-01-30 06:01:58,2026-01-30 08:59:18,2026-01-30 08:59:27,2026-01-30 12:49:06.040,03:49:48,00:00:09,0000,4376,AUCUN COMMENTAIRE,INCONNU,229.8,0.15,177.33,0.15,229.65,229.8,6.0,Matin,AUCUN COMMENTAIRE
KOMAX_39,PREVENTIVE MAINTENANCE,PV04,Préventif Trimestrielle,Maintenance,2026-01-30 05:57:42,2026-01-30 09:05:10,2026-01-30 09:05:18,2026-01-30 15:48:52.203,06:43:42,00:00:08,0000,3139,AUCUN COMMENTAIRE,INCONNU,403.7,0.13,187.47,0.13,403.57,403.7,5.0,Nuit,AUCUN COMMENTAIRE
KOMAX_42,PREVENTIVE MAINTENANCE,PV04,Préventif Trimestrielle,Maintenance,2026-01-30 13:35:07,2026-01-30 13:35:12,2026-01-30 13:35:20,2026-01-30 13:35:27.977,00:00:15,00:00:08,0000,4376,AUCUN COMMENTAIRE,INCONNU,0.25,0.13,0.08,0.13,0.13,0.27,13.0,Matin,AUCUN COMMENTAIRE
KOMAX_11,PREVENTIVE MAINTENANCE,PV04,Préventif Trimestrielle,Maintenance,2026-02-02 06:15:16,2026-02-02 08:55:23,2026-02-02 08:55:47,2026-02-02 14:01:49.293,05:06:26,00:00:24,0000,4376,AUCUN COMMENTAIRE,INCONNU,306.43,0.4,160.12,0.4,306.04,306.44,6.0,Matin,AUCUN COMMENTAIRE
KOMAX_31,PREVENTIVE MAINTENANCE,PV04,Préventif Trimestrielle,Maintenance,2026-02-03 06:06:54,2026-02-03 08:58:38,2026-02-03 08:58:46,2026-02-03 14:02:30.007,05:03:52,00:00:08,0000,4376,AUCUN COMMENTAIRE,INCONNU,303.87,0.13,171.73,0.13,303.73,303.87,6.0,Matin,AUCUN COMMENTAIRE
KOMAX_24,PREVENTIVE MAINTENANCE,PV04,Préventif Trimestrielle,Maintenance,2026-02-04 06:01:22,2026-02-04 09:04:12,2026-02-04 09:04:21,2026-02-04 13:46:34.640,04:42:22,00:00:09,0000,4376,AUCUN COMMENTAIRE,INCONNU,282.37,0.15,182.83,0.15,282.23,282.38,6.0,Matin,AUCUN COMMENTAIRE
KOMAX_58,PREVENTIVE MAINTENANCE,PV04,Préventif Trimestrielle,Maintenance,2026-02-05 09:00:02,2026-02-05 09:06:00,2026-02-05 09:06:13,2026-02-05 14:04:06.940,04:58:06,00:00:13,0000,4376,AUCUN COMMENTAIRE,INCONNU,298.1,0.22,5.97,0.22,297.9,298.12,9.0,Matin,AUCUN COMMENTAIRE
KOMAX_53,PREVENTIVE MAINTENANCE,PV04,Préventif Trimestrielle,Maintenance,2026-02-06 06:19:38,2026-02-06 06:19:43,2026-02-06 06:19:50,2026-02-06 13:11:42.993,06:51:59,00:00:07,21949,3377,maintenance preventif trimestrielle Komax 53,INCONNU,411.98,0.12,0.08,0.12,411.88,412.0,6.0,Matin,MAINTENANCE PREVENTIF TRIMESTRIELLE KOMAX 53
KOMAX_19,PREVENTIVE MAINTENANCE,PV04,Préventif Trimestrielle,Maintenance,2026-02-06 09:47:19,2026-02-06 10:04:29,2026-02-06 10:04:48,2026-02-06 14:14:47.877,04:10:18,00:00:19,0000,4376,AUCUN COMMENTAIRE,INCONNU,250.3,0.32,17.17,0.32,250.0,250.31,9.0,Matin,AUCUN COMMENTAIRE
KOMAX_48,PREVENTIVE MAINTENANCE,PV04,Préventif Trimestrielle,Maintenance,2026-02-06 14:59:47,2026-02-06 14:59:55,2026-02-06 15:00:02,2026-02-06 15:00:14.667,00:00:19,00:00:07,0000,3139,AUCUN COMMENTAIRE,INCONNU,0.32,0.12,0.13,0.12,0.21,0.33,14.0,Après-midi,AUCUN COMMENTAIRE
KOMAX_2,PREVENTIVE MAINTENANCE,PV04,Préventif Trimestrielle,Maintenance,2026-02-09 06:12:46,2026-02-09 08:47:48,2026-02-09 09:00:05,2026-02-09 14:06:09.377,05:18:21,00:12:17,0000,4376,AUCUN COMMENTAIRE,INCONNU,318.35,12.28,155.03,12.28,306.07,318.36,6.0,Matin,AUCUN COMMENTAIRE
KOMAX_4,PREVENTIVE MAINTENANCE,PV04,Préventif Trimestrielle,Maintenance,2026-02-10 05:57:02,2026-02-10 08:37:12,2026-02-10 08:59:09,2026-02-10 13:43:26.690,05:06:14,00:21:57,25287,4376,AUCUN COMMENTAIRE,0000,306.23,21.95,160.17,21.95,284.29,306.24,5.0,Nuit,AUCUN COMMENTAIRE
KOMAX_59,PREVENTIVE MAINTENANCE,PV04,Préventif Trimestrielle,Maintenance,2026-02-11 06:28:52,2026-02-11 09:00:08,2026-02-11 09:00:21,2026-02-11 13:50:42.260,04:50:34,00:00:13,0000,4376,AUCUN COMMENTAIRE,INCONNU,290.57,0.22,151.27,0.22,290.35,290.57,6.0,Matin,AUCUN COMMENTAIRE
KOMAX_20,PREVENTIVE MAINTENANCE,PV04,Préventif Trimestrielle,Maintenance,2026-02-12 06:03:40,2026-02-12 07:54:58,2026-02-12 08:54:46,2026-02-12 13:37:48.750,05:42:50,00:59:48,0000,4376,AUCUN COMMENTAIRE,INCONNU,342.83,59.8,111.3,59.8,283.05,342.85,6.0,Matin,AUCUN COMMENTAIRE
KOMAX_40,PREVENTIVE MAINTENANCE,PV04,Préventif Trimestrielle,Maintenance,2026-02-13 14:29:49,2026-02-13 14:29:53,2026-02-13 14:30:00,2026-02-13 14:30:07.813,00:00:14,00:00:07,16879,3139,AUCUN COMMENTAIRE,INCONNU,0.23,0.12,0.07,0.12,0.13,0.25,14.0,Après-midi,AUCUN COMMENTAIRE
KOMAX_60,PREVENTIVE MAINTENANCE,PV04,Préventif Trimestrielle,Maintenance,2026-02-16 06:26:12,2026-02-16 06:48:01,2026-02-16 08:57:00,2026-02-16 13:27:57.767,06:39:56,02:08:59,0000,4376,AUCUN COMMENTAIRE,INCONNU,399.93,128.98,21.82,128.98,270.96,399.95,6.0,Matin,AUCUN COMMENTAIRE
KOMAX_15,PREVENTIVE MAINTENANCE,PV04,Préventif Trimestrielle,Maintenance,2026-02-17 06:15:56,2026-02-17 08:57:26,2026-02-17 08:57:43,2026-02-17 14:01:22.263,05:03:56,00:00:17,0000,4376,AUCUN COMMENTAIRE,INCONNU,303.93,0.28,161.5,0.28,303.65,303.94,6.0,Matin,AUCUN COMMENTAIRE
KOMAX_25,PREVENTIVE MAINTENANCE,PV04,Préventif Trimestrielle,Maintenance,2026-02-18 06:08:26,2026-02-18 09:07:13,2026-02-18 09:07:25,2026-02-18 13:08:14.493,04:01:01,00:00:12,0000,4376,AUCUN COMMENTAIRE,INCONNU,241.02,0.2,178.78,0.2,240.82,241.02,6.0,Matin,AUCUN COMMENTAIRE
PS_02,PREVENTIVE MAINTENANCE,PV04,Préventif Trimestrielle,Maintenance,2026-02-20 11:54:43,2026-02-20 12:00:32,2026-02-20 12:01:04,2026-02-20 13:11:04.987,01:10:32,00:00:32,5537,4376,AUCUN COMMENTAIRE,INCONNU,70.53,0.53,5.82,0.53,70.02,70.55,11.0,Matin,AUCUN COMMENTAIRE
KOMAX_37,PREVENTIVE MAINTENANCE,PV04,Préventif Trimestrielle,Maintenance,2026-02-23 08:57:16,2026-02-23 08:57:24,2026-02-23 08:57:34,2026-02-23 13:26:34.323,04:29:10,00:00:10,0000,4376,AUCUN COMMENTAIRE,na,269.17,0.17,0.13,0.17,269.01,269.17,8.0,Matin,AUCUN COMMENTAIRE
KOMAX_27,PREVENTIVE MAINTENANCE,PV04,Préventif Trimestrielle,Maintenance,2026-02-24 07:18:37,2026-02-24 08:48:31,2026-02-24 08:48:39,2026-02-24 13:06:23.067,04:17:52,00:00:08,0000,4376,AUCUN COMMENTAIRE,INCONNU,257.87,0.13,89.9,0.13,257.73,257.87,7.0,Matin,AUCUN COMMENTAIRE
KOMAX_29,PREVENTIVE MAINTENANCE,PV04,Préventif Trimestrielle,Maintenance,2026-02-25 04:51:07,2026-02-25 08:37:56,2026-02-25 08:38:06,2026-02-25 13:04:38.317,04:26:42,00:00:10,0000,4376,AUCUN COMMENTAIRE,INCONNU,266.7,0.17,226.82,0.17,266.54,266.71,4.0,Nuit,AUCUN COMMENTAIRE
KOMAX_17,PREVENTIVE MAINTENANCE,PV04,Préventif Trimestrielle,Maintenance,2026-02-26 05:02:11,2026-02-26 09:35:04,2026-02-26 09:35:07,2026-02-26 13:11:21.323,03:36:17,00:00:03,0000,4376,AUCUN COMMENTAIRE,INCONNU,216.28,0.05,272.88,0.05,216.24,216.29,5.0,Nuit,AUCUN COMMENTAIRE
KOMAX_36,PREVENTIVE MAINTENANCE,PV04,Préventif Trimestrielle,Maintenance,2026-02-27 05:18:27,2026-02-27 08:30:01,2026-02-27 08:30:11,2026-02-27 13:12:51.320,04:42:50,00:00:10,0000,4376,AUCUN COMMENTAIRE,INCONNU,282.83,0.17,191.57,0.17,282.67,282.84,5.0,Nuit,AUCUN COMMENTAIRE
KOMAX_6,PREVENTIVE MAINTENANCE,PV04,Préventif Trimestrielle,Maintenance,2026-03-02 10:53:56,2026-03-02 10:56:45,2026-03-02 10:56:54,2026-03-02 14:24:02.707,03:27:17,00:00:09,82916,4376,AUCUN COMMENTAIRE,INCONNU,207.28,0.15,2.82,0.15,207.15,207.3,10.0,Matin,AUCUN COMMENTAIRE
KOMAX_1,PREVENTIVE MAINTENANCE,PV04,Préventif Trimestrielle,Maintenance,2026-03-03 05:10:26,2026-03-03 06:46:38,2026-03-03 09:03:51,2026-03-03 14:49:06.450,08:02:28,02:17:13,9665,3139,AUCUN COMMENTAIRE,INCONNU,482.47,137.22,96.2,137.22,345.26,482.47,5.0,Nuit,AUCUN COMMENTAIRE
KOMAX_13,PREVENTIVE MAINTENANCE,PV04,Préventif Trimestrielle,Maintenance,2026-03-04 05:07:23,2026-03-04 07:34:24,2026-03-04 08:59:35,2026-03-04 14:13:53.353,06:39:29,01:25:11,0000,4376,AUCUN COMMENTAIRE,INCONNU,399.48,85.18,147.02,85.18,314.31,399.49,5.0,Nuit,AUCUN COMMENTAIRE
KOMAX_52,PREVENTIVE MAINTENANCE,PV04,Préventif Trimestrielle,Maintenance,2026-03-05 05:12:11,2026-03-05 05:12:17,2026-03-05 08:49:22,2026-03-05 13:59:48.773,08:47:31,03:37:05,0000,4376,AUCUN COMMENTAIRE,INCONNU,527.52,217.08,0.1,217.08,310.45,527.53,5.0,Nuit,AUCUN COMMENTAIRE
KOMAX_51,PREVENTIVE MAINTENANCE,PV04,Préventif Trimestrielle,Maintenance,2026-03-06 05:11:14,2026-03-06 05:11:52,2026-03-06 08:48:00,2026-03-06 13:19:41.963,08:07:49,03:36:08,0000,4376,AUCUN COMMENTAIRE,INCONNU,487.82,216.13,0.63,216.13,271.7,487.83,5.0,Nuit,AUCUN COMMENTAIRE
KOMAX_43,PREVENTIVE MAINTENANCE,PV04,Préventif Trimestrielle,Maintenance,2026-03-09 04:51:47,2026-03-09 08:54:44,2026-03-09 08:54:53,2026-03-09 13:22:39.657,04:27:55,00:00:09,0000,4376,AUCUN COMMENTAIRE,INCONNU,267.92,0.15,242.95,0.15,267.78,267.93,4.0,Nuit,AUCUN COMMENTAIRE
KOMAX_8,PREVENTIVE MAINTENANCE,PV04,Préventif Trimestrielle,Maintenance,2026-03-10 04:52:24,2026-03-10 08:59:22,2026-03-10 08:59:33,2026-03-10 12:27:46.767,03:28:24,00:00:11,0000,4376,AUCUN COMMENTAIRE,INCONNU,208.4,0.18,246.97,0.18,208.23,208.41,4.0,Nuit,AUCUN COMMENTAIRE
KOMAX_3,PREVENTIVE MAINTENANCE,PV04,Préventif Trimestrielle,Maintenance,2026-03-12 05:08:33,2026-03-12 09:46:33,2026-03-12 09:46:42,2026-03-12 13:57:18.613,04:10:45,00:00:09,0000,4376,AUCUN COMMENTAIRE,INCONNU,250.75,0.15,278.0,0.15,250.61,250.76,5.0,Nuit,AUCUN COMMENTAIRE
KOMAX_61,PREVENTIVE MAINTENANCE,PV04,Préventif Trimestrielle,Maintenance,2026-03-13 05:14:34,2026-03-13 13:28:59,2026-03-13 13:29:07,2026-03-13 13:29:18.690,00:00:19,00:00:08,0000,4376,AUCUN COMMENTAIRE,INCONNU,0.32,0.13,494.42,0.13,0.19,0.33,5.0,Nuit,AUCUN COMMENTAIRE
PS_03,PREVENTIVE MAINTENANCE,PV04,Préventif Trimestrielle,Maintenance,2026-03-17 08:57:30,2026-03-17 08:57:37,2026-03-17 08:57:49,2026-03-17 14:05:22.047,05:07:45,00:00:12,4515,4376,AUCUN COMMENTAIRE,INCONNU,307.75,0.2,0.12,0.2,307.55,307.75,8.0,Matin,AUCUN COMMENTAIRE
KOMAX_35,PREVENTIVE MAINTENANCE,PV04,Préventif Trimestrielle,Maintenance,2026-03-18 05:03:38,2026-03-18 08:40:16,2026-03-18 08:40:25,2026-03-18 13:18:24.573,04:38:08,00:00:09,0000,4376,AUCUN COMMENTAIRE,INCONNU,278.13,0.15,216.63,0.15,277.99,278.14,5.0,Nuit,AUCUN COMMENTAIRE
KOMAX_62,PREVENTIVE MAINTENANCE,PV04,Préventif Trimestrielle,Maintenance,2026-03-19 05:58:13,2026-03-19 08:41:00,2026-03-19 08:41:10,2026-03-19 13:10:25.373,04:29:25,00:00:10,0000,4376,AUCUN COMMENTAIRE,INCONNU,269.42,0.17,162.78,0.17,269.26,269.42,5.0,Nuit,AUCUN COMMENTAIRE
KOMAX_12,PREVENTIVE MAINTENANCE,PV04,Préventif Trimestrielle,Maintenance,2026-03-25 06:28:44,2026-03-25 08:58:44,2026-03-25 08:58:52,2026-03-25 13:56:03.753,04:57:19,00:00:08,0000,4376,AUCUN COMMENTAIRE,INCONNU,297.32,0.13,150.0,0.13,297.2,297.33,6.0,Matin,AUCUN COMMENTAIRE
KOMAX_41,PREVENTIVE MAINTENANCE,PV04,Préventif Trimestrielle,Maintenance,2026-03-26 06:15:10,2026-03-26 08:56:47,2026-03-26 08:56:56,2026-03-26 13:58:12.887,05:01:25,00:00:09,0000,4376,AUCUN COMMENTAIRE,INCONNU,301.42,0.15,161.62,0.15,301.28,301.43,6.0,Matin,AUCUN COMMENTAIRE
KOMAX_34,PREVENTIVE MAINTENANCE,PV04,Préventif Trimestrielle,Maintenance,2026-03-27 08:59:58,2026-03-27 09:03:20,2026-03-27 09:03:41,2026-03-27 14:09:06.823,05:05:46,00:00:21,0000,4376,AUCUN COMMENTAIRE,INCONNU,305.77,0.35,3.37,0.35,305.43,305.78,8.0,Matin,AUCUN COMMENTAIRE
